,total_purchase_amt,total_redeem_amt
count,427.0,427.0
mean,216840944.8618267,170300462.69320843
std,156685414.0363484,130738918.05960326
min,8962232.0,1616635.0
25%,83164201.5,47582638.0
50%,196489931.0,153167426.0
75%,305440428.0,272899782.5
max,952479658.0,547295931.0
