open,close,high,low,vol,low_close_diff,high_close_diff
93.89307403564453,95.11084747314453,98.28202056884766,93.89307403564453,846798.75,-1.2177734375,3.171173095703125
95.01443481445312,96.0777359008789,99.75814056396484,95.01443481445312,921151.875,-1.0633010864257812,3.6804046630859375
95.80085754394531,96.99263763427734,100.90312194824219,95.80085754394531,1056087.875,-1.1917800903320312,3.9104843139648438
96.11933898925781,97.41018676757812,101.5137939453125,96.11933898925781,1204435.125,-1.2908477783203125,4.103607177734375
97.17890930175781,98.5845718383789,102.80711364746094,97.17890930175781,1339832.75,-1.4056625366210938,4.222541809082031
