open,close,high,low,vol,low_close_diff,high_close_diff
83.08699798583984,84.06197357177734,87.43016815185547,80.44103240966797,1526727.75,-3.620941162109375,3.368194580078125
85.24854278564453,86.97267150878906,90.65679931640625,82.32136535644531,1924776.0,-4.65130615234375,3.6841278076171875
87.27416229248047,89.65087890625,93.59716796875,84.12420654296875,2453735.0,-5.52667236328125,3.9462890625
90.18273162841797,92.74465942382812,96.61644744873047,86.79055786132812,2767562.75,-5.9541015625,3.8717880249023438
90.9652099609375,93.68670654296875,97.63137817382812,87.5438003540039,2944417.75,-6.142906188964844,3.944671630859375
