open,close,high,low,vol,low_close_diff,high_close_diff
93.89307403564453,95.11084747314453,98.28202056884766,93.89307403564453,846798.75,-1.2177734375,3.171173095703125
94.32682037353516,95.32475280761719,98.9554214477539,94.32682037353516,843433.0,-0.9979324340820312,3.6306686401367188
95.10983276367188,96.2558364868164,100.0798110961914,95.10983276367188,976548.25,-1.1460037231445312,3.823974609375
94.94954681396484,96.16461181640625,100.14476776123047,94.94954681396484,1060575.125,-1.2150650024414062,3.9801559448242188
95.34770965576172,96.63130187988281,100.6644287109375,95.34770965576172,1100786.25,-1.2835922241210938,4.0331268310546875
