open,close,high,low,vol,low_close_diff,high_close_diff
83.08699798583984,84.06197357177734,87.43016815185547,80.44103240966797,1526727.75,-3.620941162109375,3.368194580078125
85.26238250732422,86.86580657958984,90.57331085205078,82.34100341796875,1862174.25,-4.524803161621094,3.7075042724609375
87.0838851928711,89.38749694824219,93.38762664794922,83.94159698486328,2401424.75,-5.445899963378906,4.000129699707031
88.57540893554688,91.1142578125,95.1802749633789,85.30970764160156,2672506.5,-5.8045501708984375,4.066017150878906
88.30200958251953,90.99935150146484,95.24368286132812,85.08465576171875,2825983.25,-5.914695739746094,4.244331359863281
