is_holiday,purchase_mean,purchase_std,purchase_min,purchase_max,purchase_count,redeem_mean,redeem_std,redeem_min,redeem_max,redeem_count
0,313748546.4251968,71925486.86560598,181641088.0,561787770.0,127,312932298.8582677,76225793.22632182,179349206.0,547295931.0,127
1,192426926.7368421,49795108.222123,125336258.0,362865580.0,57,189818936.9649123,57271796.463383675,116623756.0,390584547.0,57
