is_workday_shift,purchase_mean,purchase_std,purchase_min,purchase_max,purchase_count,redeem_mean,redeem_std,redeem_min,redeem_max,redeem_count
0,276018101.95628417,86730510.7844031,125336258.0,561787770.0,183,274037482.6666667,90566948.46986634,116623756.0,547295931.0,183
1,303087562.0,,303087562.0,303087562.0,1,413222034.0,,413222034.0,413222034.0,1
