is_next_workday,purchase_mean,purchase_std,purchase_min,purchase_max,purchase_count,redeem_mean,redeem_std,redeem_min,redeem_max,redeem_count
0,266456544.93670887,86001645.56274515,125336258.0,561787770.0,158,260647010.778481,85323522.63631734,116623756.0,547295931.0,158
1,335164081.53846157,64235205.09428052,232227670.0,505305862.0,26,360763602.2692308,76247165.41310243,250015131.0,513017360.0,26
