weekday,purchase_mean,purchase_std,purchase_min,purchase_max,purchase_count,redeem_mean,redeem_std,redeem_min,redeem_max,redeem_count
0,327369258.5,76869930.79950951,158219402.0,505305862.0,26,345680798.46153843,88645875.3080421,170409506.0,513017360.0,26
1,334051782.84615386,81618547.17807332,224240103.0,524146340.0,26,322126587.84615386,74019968.72177553,221706539.0,502560223.0,26
2,321387717.0769231,59151686.076744586,209917272.0,454295491.0,26,318196041.11538464,89800727.80336714,202452782.0,547295931.0,26
3,314691009.9230769,75280135.1175805,191728916.0,561787770.0,26,282147975.88461536,56994140.99059553,143362755.0,418742109.0,26
4,249289263.30769232,53327455.44575976,125336258.0,380139779.0,26,268046320.03846154,63965830.177462295,121222064.0,405443946.0,26
5,195866600.4814815,53003000.8581214,128268053.0,362865580.0,27,184054380.4814815,47351244.15476536,123295320.0,283400236.0,27
6,196647673.4814815,52464636.62389933,129477254.0,303087562.0,27,209313788.2222222,77641290.90648513,116623756.0,413222034.0,27
