month_period,redeem
begin,148938159.43571427
middle,172503460.0
end,188547420.7414966
