month_period,purchase
begin,209846276.52142859
middle,222044341.0
end,218546918.3877551
