month_period,purchase_mean,purchase_std,purchase_min,purchase_max,purchase_count,redeem_mean,redeem_std,redeem_min,redeem_max,redeem_count
begin,302323195.21666664,101992451.99420282,125336258.0,561787770.0,60,253252520.8,78367640.76096454,121222064.0,513017360.0,60
end,247870728.65625,69310597.93619944,128268053.0,398884905.0,64,294988757.875,91598921.0747669,138039412.0,547295931.0,64
middle,280188031.21666664,78125156.730051,149978271.0,453955303.0,60,274794160.1666667,98050064.37280433,116623756.0,502560223.0,60
